{
  "parameters": {
    "k_cos": 4,
    "precision": 40,
    "purpose": "Close gap between CAP (<=640K) and Euler-Maclaurin (>=1.2M)"
  },
  "certificates": [
    {
      "lambda": 700000,
      "L": 13.458835614025542,
      "n_primes": 56543,
      "upper_cos": -1824.7682504036368,
      "lower_sin": -1471.6223207934945,
      "cert_gap": -353.1459296101423,
      "proved": true,
      "N_sin": 80,
      "N_sin_big": 100,
      "cos_info": {
        "l1_mid": -1824.7682504207241,
        "rad_frob": 1.708555117669358e-08
      },
      "sin_info": {
        "l1_core": -1470.9735554382064,
        "l1_big": -1471.3426661537414,
        "drop": 0.3691107155350437,
        "remaining": 0.2796546394635021
      },
      "time_cos": 401.3300304412842,
      "time_sin": 5717.168829441071
    },
    {
      "lambda": 1050000,
      "L": 13.864300722133706,
      "n_primes": 82134,
      "upper_cos": -2245.257650998036,
      "lower_sin": -1815.8735785734295,
      "cert_gap": -429.3840724246063,
      "proved": true,
      "N_sin": 80,
      "N_sin_big": 100,
      "cos_info": {
        "l1_mid": -2245.257651030838,
        "rad_frob": 3.279983542600856e-08
      },
      "sin_info": {
        "l1_core": -1815.0910319901432,
        "l1_big": -1815.5221668747986,
        "drop": 0.43113488465542105,
        "remaining": 0.3514116982714357
      },
      "time_cos": 589.5629949569702,
      "time_sin": 8218.621067523956
    },
    {
      "lambda": 1300000,
      "L": 14.077874822431765,
      "n_primes": 100021,
      "upper_cos": -2503.7804971330147,
      "lower_sin": -2027.954496410282,
      "cert_gap": -475.8260007227327,
      "proved": true,
      "N_sin": 80,
      "N_sin_big": 100,
      "cos_info": {
        "l1_mid": -2503.7804971788732,
        "rad_frob": 4.585606288657362e-08
      },
      "sin_info": {
        "l1_core": -2027.0900746282991,
        "l1_big": -2027.558040650224,
        "drop": 0.46796602192489445,
        "remaining": 0.39645575965502006
      },
      "time_cos": 716.199033498764,
      "time_sin": 10085.51722073555
    }
  ],
  "summary": {
    "total_proved": 3,
    "total_failed": 0,
    "max_lambda_proved": 1300000
  }
}