{
  "parameters": {
    "k_cos": 4,
    "N_sin_core": 40,
    "N_sin_big": 60,
    "precision": 50
  },
  "certificates": [
    {
      "lambda": 100,
      "L": 4.605170185988092,
      "n_primes": 25,
      "upper_cos": -11.18101220322971,
      "lower_sin": -9.066882621769622,
      "cert_gap": -2.1141295814600873,
      "proved": true,
      "cos_info": {
        "l1_mid": -11.183510202429376,
        "rad_frob": 0.002497999199642529,
        "eps64": 2.498635290491153e-14
      },
      "sin_info": {
        "l1_core": -9.008262206824106,
        "l1_big": -9.043990121124562,
        "drop": 0.03572791430045541,
        "remaining": 0.02289250064410813,
        "eps_margin": 9.52859996448809e-13,
        "total_tail": 0.058620414945516404,
        "lower_bound_loose": -9.066882621769622,
        "lower_bound_tight": -9.066882621769622
      },
      "time_cos": 0.9943604469299316,
      "time_sin": 48.720213413238525
    },
    {
      "lambda": 200,
      "L": 5.298317366548036,
      "n_primes": 46,
      "upper_cos": -19.160217760680954,
      "lower_sin": -15.064902518232609,
      "cert_gap": -4.095315242448345,
      "proved": true,
      "cos_info": {
        "l1_mid": -19.162715759880793,
        "rad_frob": 0.0024979991998022757,
        "eps64": 3.5206101244990256e-14
      },
      "sin_info": {
        "l1_core": -14.987101264826748,
        "l1_big": -15.028803557589498,
        "drop": 0.04170229276274995,
        "remaining": 0.0360989606420711,
        "eps_margin": 1.0398856788869811e-12,
        "total_tail": 0.07780125340586094,
        "lower_bound_loose": -15.064902518232609,
        "lower_bound_tight": -15.064902518232609
      },
      "time_cos": 1.1708025932312012,
      "time_sin": 50.02306056022644
    },
    {
      "lambda": 240,
      "L": 5.480638923341991,
      "n_primes": 52,
      "upper_cos": -21.27463259341317,
      "lower_sin": -16.909538283408864,
      "cert_gap": -4.365094310004306,
      "proved": true,
      "cos_info": {
        "l1_mid": -21.27713059261309,
        "rad_frob": 0.002497999199883245,
        "eps64": 3.787226737914577e-14
      },
      "sin_info": {
        "l1_core": -16.700838691555973,
        "l1_big": -16.749295364851463,
        "drop": 0.048456673295490305,
        "remaining": 0.16024291855617395,
        "eps_margin": 1.227406686458433e-12,
        "total_tail": 0.20869959185289166,
        "lower_bound_loose": -16.909538283408864,
        "lower_bound_tight": -16.909538283408864
      },
      "time_cos": 1.2224812507629395,
      "time_sin": 50.07418966293335
    },
    {
      "lambda": 288,
      "L": 5.662960480135946,
      "n_primes": 61,
      "upper_cos": -24.228827138060357,
      "lower_sin": -22.552447710670723,
      "cert_gap": -1.6763794273896337,
      "proved": true,
      "cos_info": {
        "l1_mid": -24.231325137260338,
        "rad_frob": 0.0024979991999371826,
        "eps64": 4.140360225560475e-14
      },
      "sin_info": {
        "l1_core": -18.945705052777,
        "l1_big": -18.996748054813857,
        "drop": 0.05104300203685597,
        "remaining": 3.555699655855485,
        "eps_margin": 1.3830909888816508e-12,
        "total_tail": 3.606742657893724,
        "lower_bound_loose": -22.552447710670727,
        "lower_bound_tight": -22.552447710670723
      },
      "time_cos": 1.3171477317810059,
      "time_sin": 50.2722442150116
    },
    {
      "lambda": 346,
      "L": 5.846438775057725,
      "n_primes": 68,
      "upper_cos": -26.564198233258765,
      "lower_sin": -21.04312810229404,
      "cert_gap": -5.521070130964723,
      "proved": true,
      "cos_info": {
        "l1_mid": -26.566696232458813,
        "rad_frob": 0.002497999200006356,
        "eps64": 4.425763079430602e-14
      },
      "sin_info": {
        "l1_core": -20.9140861439777,
        "l1_big": -20.96987803297852,
        "drop": 0.05579188900082244,
        "remaining": 0.07325006931402729,
        "eps_margin": 1.4933555887846972e-12,
        "total_tail": 0.12904195831634308,
        "lower_bound_loose": -21.04312810229404,
        "lower_bound_tight": -21.04312810229404
      },
      "time_cos": 1.3760249614715576,
      "time_sin": 50.353090047836304
    },
    {
      "lambda": 415,
      "L": 6.028278520230698,
      "n_primes": 80,
      "upper_cos": -30.11492136702164,
      "lower_sin": -23.83650767674892,
      "cert_gap": -6.278413690272721,
      "proved": true,
      "cos_info": {
        "l1_mid": -30.117419366221853,
        "rad_frob": 0.0024979992001620006,
        "eps64": 4.839738111417744e-14
      },
      "sin_info": {
        "l1_core": -23.609722786920877,
        "l1_big": -23.667192141197155,
        "drop": 0.05746935427627875,
        "remaining": 0.1693155355499844,
        "eps_margin": 1.7798874936812287e-12,
        "total_tail": 0.22678488982804304,
        "lower_bound_loose": -23.83650767674892,
        "lower_bound_tight": -23.83650767674892
      },
      "time_cos": 1.4410367012023926,
      "time_sin": 51.23331308364868
    },
    {
      "lambda": 498,
      "L": 6.210600077024653,
      "n_primes": 94,
      "upper_cos": -34.06184605948714,
      "lower_sin": -26.84078927246057,
      "cert_gap": -7.221056787026569,
      "proved": true,
      "cos_info": {
        "l1_mid": -34.06434405868746,
        "rad_frob": 0.002497999200272685,
        "eps64": 5.290909536341444e-14
      },
      "sin_info": {
        "l1_core": -26.621307155777856,
        "l1_big": -26.688878431091872,
        "drop": 0.06757127531401608,
        "remaining": 0.15191084136659536,
        "eps_margin": 2.0992215440900527e-12,
        "total_tail": 0.21948211668271064,
        "lower_bound_loose": -26.840789272460565,
        "lower_bound_tight": -26.84078927246057
      },
      "time_cos": 1.5785346031188965,
      "time_sin": 51.4754912853241
    },
    {
      "lambda": 597,
      "L": 6.391917113392602,
      "n_primes": 108,
      "upper_cos": -37.86644213115567,
      "lower_sin": -29.84186292697152,
      "cert_gap": -8.024579204184153,
      "proved": true,
      "cos_info": {
        "l1_mid": -37.86894013035614,
        "rad_frob": 0.0024979992004093075,
        "eps64": 5.724531044333577e-14
      },
      "sin_info": {
        "l1_core": -29.61638287101416,
        "l1_big": -29.6884737341715,
        "drop": 0.0720908631573387,
        "remaining": 0.15338919279764743,
        "eps_margin": 2.371998453204339e-12,
        "total_tail": 0.22548005595735812,
        "lower_bound_loose": -29.84186292697152,
        "lower_bound_tight": -29.84186292697152
      },
      "time_cos": 1.6989378929138184,
      "time_sin": 52.121342182159424
    },
    {
      "lambda": 717,
      "L": 6.57507584059962,
      "n_primes": 127,
      "upper_cos": -42.68776290660194,
      "lower_sin": -33.594520001746666,
      "cert_gap": -9.093242904855273,
      "proved": true,
      "cos_info": {
        "l1_mid": -42.69026090580268,
        "rad_frob": 0.0024979992006752987,
        "eps64": 6.259983628232033e-14
      },
      "sin_info": {
        "l1_core": -33.321742854322906,
        "l1_big": -33.39958308541131,
        "drop": 0.07784023108840188,
        "remaining": 0.19493691633258597,
        "eps_margin": 2.7676812238926048e-12,
        "total_tail": 0.27277714742375553,
        "lower_bound_loose": -33.59452000174666,
        "lower_bound_tight": -33.594520001746666
      },
      "time_cos": 1.824434757232666,
      "time_sin": 52.50213027000427
    },
    {
      "lambda": 860,
      "L": 6.756932389247553,
      "n_primes": 149,
      "upper_cos": -47.92888005940846,
      "lower_sin": -37.657363551684575,
      "cert_gap": -10.271516507723888,
      "proved": true,
      "cos_info": {
        "l1_mid": -47.93137805860955,
        "rad_frob": 0.0024979992010188547,
        "eps64": 6.835851960948196e-14
      },
      "sin_info": {
        "l1_core": -37.365649132958765,
        "l1_big": -37.44914167927912,