{
  "lambda": 100,
  "upper_cos": -11.181855101112639,
  "l1_cos_interval": [
    -11.18435310031262,
    -11.181855101112639
  ],
  "cos_info": {
    "l1_mid": -11.18310410071263,
    "rad_frob": 0.0012489995999661959,
    "eps64": 2.498670065546343e-14
  },
  "tail_correction": 0.39960675963424347,
  "tail_info": {
    "l1_core": -9.008262206824106,
    "l1_big": -9.061007496237853,
    "drop_observed": 0.05274528941374612,
    "remaining": 0.34686147021916236,
    "eps_margin": 1.3349601343648363e-12,
    "avg_last_norm": 0.13871070675852915,
    "decay": 0.9330383657891473,
    "gap_to_l1": 1.545850041637923
  },
  "l1_sin_interval": [
    -9.048262206828843,
    -8.968262206819377
  ],
  "lower_sin_true": -9.447868966463087,
  "sin_info": {
    "l1_mid": -9.00826220682411,
    "rad_frob": 0.040000000004679466,
    "eps64": 5.273283379562762e-14
  },
  "arch_frob_error": 0.04,
  "certified_gap": -1.7339861346495518,
  "proven": "True"
}