{
  "lambda": 100,
  "k_cos": 4,
  "N_sin": 40,
  "N_sin_big": 80,
  "l1_cos_k": -11.18269778579449,
  "upper_cos": -11.182697785794465,
  "eps_float_cos": 2.4987048343312428e-14,
  "eps_quad_cos": 4e-17,
  "l1_sin_core": -9.008262206824106,
  "l1_sin_big": -9.061007496237853,
  "l_min_C": -8.05395802192314,
  "norm_B_op": 1.4332526446452012,
  "schur_correction": null,
  "remaining_correction": 0.030512834938650812,
  "l1_vals": [
    [
      40,
      -9.008262206824106
    ],
    [
      50,
      -9.02760593248599
    ],
    [
      60,
      -9.043990121124562
    ],
    [
      70,
      -9.055188528636517
    ],
    [
      80,
      -9.061007496237853
    ]
  ],
  "richardson_estimate": -9.08001612373555,
  "lower_sin": -9.091520331176504,
  "lower_sin_schur": null,
  "lower_sin_conv": -9.091520331176504,
  "certified_gap": -2.091177454617961,
  "proven": "True"
}