{
  "lambda": 200,
  "upper_cos": -19.16106604243947,
  "l1_cos_interval": [
    -19.163564041639763,
    -19.16106604243947
  ],
  "cos_info": {
    "l1_mid": -19.162315042039616,
    "rad_frob": 0.0012489996001122893,
    "eps64": 3.520646162072234e-14
  },
  "tail_correction": 0.19463813441189237,
  "tail_info": {
    "l1_core": -14.987101264826748,
    "l1_big": -15.049424127915618,
    "drop_observed": 0.062322863088869696,
    "remaining": 0.13231527132162146,
    "eps_margin": 1.4012255623178766e-12,
    "avg_last_norm": 0.19318350994202754,
    "decay": 0.9269797948308974,
    "gap_to_l1": 7.161225477519615
  },
  "l1_sin_interval": [
    -15.02710126483354,
    -14.947101264819956
  ],
  "lower_sin_true": -15.221739399245433,
  "sin_info": {
    "l1_mid": -14.987101264826748,
    "rad_frob": 0.04000000000672229,
    "eps64": 6.869413196609051e-14
  },
  "arch_frob_error": 0.04,
  "certified_gap": -3.939326643194036,
  "proven": "True"
}