{
  "lambda": 200,
  "k_cos": 4,
  "N_sin": 40,
  "N_sin_big": 80,
  "l1_cos_k": -19.161914190883603,
  "upper_cos": -19.161914190883568,
  "eps_float_cos": 3.520682192744473e-14,
  "eps_quad_cos": 4e-16,
  "l1_sin_core": -14.987101264826748,
  "l1_sin_big": -15.049424127915618,
  "l_min_C": -9.178748826437001,
  "norm_B_op": 1.8412818200735923,
  "schur_correction": null,
  "remaining_correction": 0.062191599851194115,
  "l1_vals": [
    [
      40,
      -14.987101264826748
    ],
    [
      50,
      -15.011080363516502
    ],
    [
      60,
      -15.028803557589498
    ],
    [
      70,
      -15.040620392404144
    ],
    [
      80,
      -15.049424127915618
    ]
  ],
  "richardson_estimate": -15.078182997253103,
  "lower_sin": -15.111615727766813,
  "lower_sin_schur": null,
  "lower_sin_conv": -15.111615727766813,
  "certified_gap": -4.050298463116755,
  "proven": "True"
}