{
  "description": "OP2 Simplicity Certification: lambda_2^+ - lambda_1^+ > 0 in 4x4 even block",
  "method": "Weyl inequality: gap_certified = gap_mid - 2*(rad_frob + eps64)",
  "parameters": {
    "k_cos": 4,
    "precision_digits": 50,
    "archimedean_threshold": 40000
  },
  "certificates": [
    {
      "lambda": 100,
      "L": 4.605170185988092,
      "n_primes": 25,
      "include_archimedean": true,
      "eigenvalues_mid": [
        -11.183510202429376,
        -2.490046277650773,
        5.203255644177791,
        28.662107567289283
      ],
      "lambda1_mid": -11.183510202429376,
      "lambda2_mid": -2.490046277650773,
      "gap_mid": 8.693463924778603,
      "rad_frob": 0.002497999199642529,
      "eps64": 2.498635290491153e-14,
      "delta": 0.0024979991996675155,
      "gap_certified": 8.688467926379268,
      "is_simple": true,
      "time_s": 1.3217449188232422
    },
    {
      "lambda": 200,
      "L": 5.298317366548036,
      "n_primes": 46,
      "include_archimedean": true,
      "eigenvalues_mid": [
        -19.162715759880793,
        -5.064852364765068,
        9.298951688361392,
        40.40613861585646
      ],
      "lambda1_mid": -19.162715759880793,
      "lambda2_mid": -5.064852364765068,
      "gap_mid": 14.097863395115725,
      "rad_frob": 0.0024979991998022757,
      "eps64": 3.5206101244990256e-14,
      "delta": 0.002497999199837482,
      "gap_certified": 14.09286739671605,
      "is_simple": true,
      "time_s": 1.5651555061340332
    },
    {
      "lambda": 240,
      "L": 5.480638923341991,
      "n_primes": 52,
      "include_archimedean": true,
      "eigenvalues_mid": [
        -21.27713059261309,
        -5.4026343043870515,
        10.292324733911261,
        43.50024790926203
      ],
      "lambda1_mid": -21.27713059261309,
      "lambda2_mid": -5.4026343043870515,
      "gap_mid": 15.87449628822604,
      "rad_frob": 0.002497999199883245,
      "eps64": 3.787226737914577e-14,
      "delta": 0.0024979991999211173,
      "gap_certified": 15.869500289826197,
      "is_simple": true,
      "time_s": 1.6629655361175537
    },
    {
      "lambda": 288,
      "L": 5.662960480135946,
      "n_primes": 61,
      "include_archimedean": true,
      "eigenvalues_mid": [
        -24.231325137260338,
        -6.314754133489396,
        11.842804463501164,
        47.56285469237011
      ],
      "lambda1_mid": -24.231325137260338,
      "lambda2_mid": -6.314754133489396,
      "gap_mid": 17.91657100377094,
      "rad_frob": 0.0024979991999371826,
      "eps64": 4.140360225560475e-14,
      "delta": 0.002497999199978586,
      "gap_certified": 17.911575005370985,
      "is_simple": true,
      "time_s": 1.687772274017334
    },
    {
      "lambda": 346,
      "L": 5.846438775057725,
      "n_primes": 68,
      "include_archimedean": true,
      "eigenvalues_mid": [
        -26.566696232458813,
        -6.501422911816912,
        12.924950824080303,
        50.896845218656026
      ],
      "lambda1_mid": -26.566696232458813,
      "lambda2_mid": -6.501422911816912,
      "gap_mid": 20.0652733206419,
      "rad_frob": 0.002497999200006356,
      "eps64": 4.425763079430602e-14,
      "delta": 0.0024979992000506135,
      "gap_certified": 20.0602773222418,
      "is_simple": true,
      "time_s": 1.8350698947906494
    },
    {
      "lambda": 415,
      "L": 6.028278520230698,
      "n_primes": 80,
      "include_archimedean": true,
      "eigenvalues_mid": [
        -30.117419366221853,
        -7.558598804919456,
        14.769550639288733,
        55.65881426021174
      ],
      "lambda1_mid": -30.117419366221853,
      "lambda2_mid": -7.558598804919456,
      "gap_mid": 22.558820561302397,
      "rad_frob": 0.0024979992001620006,
      "eps64": 4.839738111417744e-14,
      "delta": 0.002497999200210398,
      "gap_certified": 22.553824562901976,
      "is_simple": true,
      "time_s": 1.9137356281280518
    },
    {
      "lambda": 498,
      "L": 6.210600077024653,
      "n_primes": 94,
      "include_archimedean": true,
      "eigenvalues_mid": [
        -34.06434405868746,
        -8.77344173384672,
        16.87236700985554,
        60.85277927307323
      ],
      "lambda1_mid": -34.06434405868746,
      "lambda2_mid": -8.77344173384672,
      "gap_mid": 25.29090232484074,
      "rad_frob": 0.002497999200272685,
      "eps64": 5.290909536341444e-14,
      "delta": 0.002497999200325594,
      "gap_certified": 25.285906326440088,
      "is_simple": true,
      "time_s": 2.0918240547180176
    },
    {
      "lambda": 597,
      "L": 6.391917113392602,
      "n_primes": 108,
      "include_archimedean": true,
      "eigenvalues_mid": [
        -37.86894013035614,
        -9.663854352036452,
        18.82244716866894,
        65.87164892237851
      ],
      "lambda1_mid": -37.86894013035614,
      "lambda2_mid": -9.663854352036452,
      "gap_mid": 28.205085778319685,
      "rad_frob": 0.0024979992004093075,
      "eps64": 5.724531044333577e-14,
      "delta": 0.002497999200466553,
      "gap_certified": 28.200089779918752,
      "is_simple": true,
      "time_s": 2.219162940979004
    },
    {
      "lambda": 717,
      "L": 6.57507584059962,
      "n_primes": 127,
      "include_archimedean": true,
      "eigenvalues_mid": [
        -42.69026090580268,
        -11.190121289779608,
        21.454174588894727,
        72.04102693175712
      ],
      "lambda1_mid": -42.69026090580268,
      "lambda2_mid": -11.190121289779608,
      "gap_mid": 31.500139616023073,
      "rad_frob": 0.0024979992006752987,
      "eps64": 6.259983628232033e-14,
      "delta": 0.0024979992007378984,
      "gap_certified": 31.495143617621597,
      "is_simple": true,
      "time_s": 2.513911247253418
    },
    {
      "lambda": 860,
      "L": 6.756932389247553,
      "n_primes": 149,
      "include_archimedean": true,
      "eigenvalues_mid": [
        -47.93137805860955,
        -12.839634616977799,
        24.3258274216972,
        78.67782502155096
      ],
      "lambda1_mid": -47.93137805860955,
      "lambda2_mid": -12.839634616977799,
      "gap_mid": 35.091743441631756,
      "rad_frob": 0.0024979992010188547,
      "eps64": 6.835851960948196e-14,
      "delta": 0.002497999201087213,
      "gap_certified": 35.086747443229584,
      "is_simple": true,
      "time_s": 2.6928393840789795
    },
    {
      "lambda": 1032,
      "L": 6.939253946041508,
      "n_primes": 173,
      "include_archimedean": true,
      "eigenvalues_mid": [
        -53.38495942092461,
        -14.392796880012424,
        27.28917006342227,
        85.53843630079965
      ],
      "lambda1_mid": -53.38495942092461,
      "lambda2_mid": -14.392796880012424,
      "gap_mid": 38.99216254091218,
      "rad_frob": 0.002497999201400935,
      "eps64": 7.429417712855401e-14,
      "delta": 0.002497999201475229,
      "gap_certified": 38.987166542509236,
      "is_simple": true,
      "time_s": 2.9068121910095215
    },
    {
      "lambda": 1238,
      "L": 7.121252453244542,
      "n_primes": 203,
      "include_archimedean": true,
      "eigenvalues_mid": [
        -59.76809619870966,
        -16.46303305169905,
        30.877546092751878,
        93.42779964390114
      ],
      "lambda1_mid": -59.76809619870966,
      "lambda2_mid": -16.46303305169905,
      "gap_mid": 43.30506314701061,
      "rad_frob": 0.0024979992018991045,
      "eps64": 8.113374608023355e-14,
      "delta": 0.0024979992019802384,
      "gap_certified": 43.300067148606644,
      "is_simple": true,
      "time_s": 3.293282985687256
    },
    {
      "lambda": 1486,
      "L": 7.303843225277705,
      "n_primes": 235,
      "include_archimedean": true,
      "eigenvalues_mid": [
        -66.25837040323195,
        -18.274562002951143,
        34.45222994138267,
        101.42655245245479
      ],
      "lambda1_mid": -66.25837040323195,
      "lambda2_mid": -18.274562002951143,
      "gap_mid": 47.98380840028081,
      "rad_frob": 0.002497999202407905,